tempmode,aq,uss,cs,voc,temperature,environmental_risk_score,environmental_risk_level
7,7,1,6,6,1,0.8653273096335358,High
1,3,3,5,1,1,0.5263199680326406,Medium
7,2,2,6,1,1,0.6242782181978033,Medium
4,3,4,5,1,1,0.538029378857572,Medium
7,5,6,4,0,1,0.7315828254095393,High
3,3,4,6,1,1,0.4902725091396943,Medium
7,5,6,4,1,1,0.7209887601663736,High
1,5,4,5,4,1,0.6479716068063877,Medium
7,4,6,3,3,1,0.7975949820845121,High
0,3,3,7,0,1,0.7329653794138274,High
0,3,2,4,4,1,0.8067952727899492,High
5,4,3,6,1,1,0.448657813778452,Medium
2,5,4,6,5,1,0.6661984831950895,High
7,4,4,6,0,1,0.4298283604543528,Medium
7,5,7,4,0,1,0.8070919120741247,High
7,6,7,5,0,1,0.9096293443285068,High
7,4,4,5,1,1,0.5025269717965691,Medium
5,3,3,6,1,1,0.4672672917366832,Medium
7,6,2,6,5,1,0.6433957007422776,Medium
2,2,1,4,0,2,0.94640316324732,High
7,4,4,7,2,2,0.55427460387135,Medium
0,2,4,6,2,2,0.6849542476160794,High
3,4,6,3,2,2,0.6957042380970544,High
7,6,1,6,6,2,0.7183189409479384,High
0,4,2,2,1,2,0.7848967980632106,High
2,4,3,6,1,2,0.37217910958247247,Medium
5,3,4,7,1,2,0.5587639876745008,Medium
7,4,3,4,0,2,0.5553666086561306,Medium
3,5,5,4,1,2,0.6301474225241744,Medium
3,4,7,1,0,2,1.0,High
0,3,4,7,2,2,0.7134781675349504,High
3,4,4,2,1,3,0.6154796197828144,Medium
0,4,4,3,0,3,0.7170229711328772,High
1,4,3,7,1,3,0.5308402800615468,Medium
7,7,5,7,4,3,0.9311578194493616,High
7,3,4,6,0,3,0.42341110030783863,Medium
7,4,3,6,1,3,0.3536948568119582,Medium
6,7,2,7,5,3,0.8876193711962461,High
2,7,2,6,6,3,0.6905876277992922,High
1,3,2,6,1,3,0.46535249465051237,Medium
6,5,5,5,0,3,0.6673807514982765,High
3,6,4,4,5,3,0.7450368333965639,High
0,2,3,6,1,3,0.5255119888976445,Medium
1,7,7,5,6,3,0.9937443867246251,High
7,4,4,7,2,3,0.5321454931331844,Medium
3,6,6,3,2,3,0.7914483053430444,High
7,4,3,1,6,3,0.9775380123469658,High
7,4,6,6,0,3,0.5768402954574282,Medium
6,4,4,2,1,4,0.6332256536793562,Medium
1,3,4,5,2,4,0.5069341253323799,Medium
7,5,1,6,5,4,0.6616501950726005,High
2,5,2,6,5,4,0.41883534596438166,Medium
7,4,3,6,3,4,0.4120201917289052,Medium
2,5,4,3,0,4,0.6483898977802665,Medium
7,2,4,6,0,4,0.4622802553582364,Medium
3,6,2,5,5,4,0.5124531869767105,Medium
1,5,2,4,2,4,0.5419179573916129,Medium
7,4,4,6,0,4,0.3285454441339501,Low
0,6,2,6,6,4,0.560640569145467,Medium
3,4,2,6,0,4,0.48506555738241597,Medium
0,2,4,6,0,4,0.5845326136053148,Medium
7,2,2,6,0,4,0.5231239184916162,Medium
2,4,4,7,2,4,0.5590341003306587,Medium
2,3,3,6,1,4,0.3612229462757565,Medium
3,4,6,2,0,4,0.7131107894608147,High
1,4,4,7,1,4,0.527566185740022,Medium
5,7,7,2,0,4,0.980753857156584,High
7,6,3,5,4,5,0.5479366766129404,Medium
0,6,1,5,4,5,0.696762786042039,High
7,6,2,6,6,5,0.5117477542697694,Medium
1,4,5,6,5,5,0.5931083355913815,Medium
1,2,3,7,1,5,0.5728153952100812,Medium
7,6,2,6,6,5,0.5117477542697694,Medium
0,4,4,4,3,5,0.6052718016231525,Medium
2,4,6,5,1,5,0.5812946778300982,Medium
5,4,2,6,2,5,0.4712463794986022,Medium
2,2,1,3,0,5,0.9708374254929016,High
5,3,7,4,1,5,0.7861125553873236,High
7,3,6,2,2,5,0.7579379429510964,High
7,3,4,5,3,5,0.5538564449496838,Medium
7,4,5,2,3,5,0.6719399497536017,High
5,3,3,5,1,5,0.4279502322214789,Medium
6,4,3,6,2,5,0.45932066155377765,Medium
7,3,2,5,0,5,0.4909947412198568,Medium
2,6,4,5,4,5,0.5378324541795977,Medium
7,4,3,2,0,6,0.6065073588004598,Medium
1,6,2,6,5,6,0.38096906220043175,Medium
4,6,5,4,0,6,0.6769943272909863,High
2,3,4,6,6,6,0.6831424313207378,High
7,2,2,7,0,6,0.6260527453512512,Medium
1,3,3,6,1,6,0.3511798152217798,Medium
1,4,2,7,2,6,0.47901294497566643,Medium
7,6,1,6,6,6,0.599366884783146,Medium
0,6,2,6,6,6,0.5079697672149173,Medium
3,5,3,6,1,6,0.3625014826031969,Medium
7,4,3,6,1,6,0.3236051671448068,Low
7,5,3,6,5,6,0.4392395736130901,Medium
5,4,3,5,6,6,0.5581267962520223,Medium
3,5,3,6,5,7,0.3720323009858372,Medium
3,4,2,7,4,7,0.530094733748769,Medium
7,4,3,5,0,7,0.3504241445594668,Medium
2,6,1,6,5,7,0.4850310131539541,Medium
7,4,5,6,1,7,0.42826436913243265,Medium
3,5,3,5,4,7,0.39700486389000017,Medium
3,3,3,5,0,7,0.4306878062508512,Medium
0,4,3,7,0,7,0.5706892588532263,Medium
7,4,5,3,1,7,0.511586174836974,Medium
7,4,3,2,6,7,0.7900940586518601,High
7,5,6,3,0,7,0.6614327098058692,High
0,5,5,4,1,8,0.5411137834057723,Medium
0,2,3,5,0,8,0.6082821265208814,Medium
7,4,4,5,0,8,0.33649325910728,Medium
7,6,3,7,0,8,0.7069659307341558,High
0,7,3,6,6,8,0.6644730688844214,High
7,6,2,5,4,8,0.4608460824420611,Medium
5,7,7,6,3,8,0.811269630214421,High
7,6,3,1,0,8,0.8894492509258356,High
7,5,4,7,4,8,0.5879918476262249,Medium
0,4,5,3,2,8,0.5794429903102553,Medium
4,4,5,1,2,8,0.806858975301305,High
7,4,4,7,0,8,0.4474967420602259,Medium
2,4,2,6,6,8,0.42234973486927724,Medium
7,3,6,4,0,8,0.6350864968380608,Medium
4,6,3,6,6,8,0.49852207905749046,Medium
4,5,3,6,4,8,0.3438986453904027,Medium
5,3,4,3,3,8,0.6059360321519276,Medium
0,1,1,7,0,9,0.9246069136915196,High
7,2,3,5,0,9,0.42592267768907294,Medium
7,7,3,7,6,9,0.734268665073744,High
7,5,3,7,2,9,0.4539105347895068,Medium
1,2,2,7,3,9,0.6948697750540701,High
4,3,5,6,1,9,0.4208135807337876,Medium
0,6,7,3,5,9,0.8854788640446509,High
2,6,1,5,6,9,0.4966627099718016,Medium
5,4,1,6,1,9,0.49644913189354073,Medium
2,6,4,5,4,9,0.42307207300159905,Medium
0,4,1,6,0,10,0.6360870904484798,Medium
7,4,5,7,0,10,0.5138292068752529,Medium
3,2,3,6,3,10,0.45271379445889676,Medium
5,5,4,5,5,10,0.3926583547902636,Medium
4,4,4,6,0,10,0.2607950239708525,Low
0,7,5,1,1,10,0.9228676525255741,High
2,4,4,5,3,10,0.39407694027385937,Medium
6,5,3,6,1,10,0.3489127287755395,Medium
7,6,3,4,0,10,0.5916908643549216,Medium
4,6,3,4,4,10,0.4989302240035722,Medium
4,3,5,7,0,10,0.573091147064131,Medium
5,1,5,6,1,10,0.7227151018139892,High
7,1,1,5,0,10,0.8502335652650838,High
7,4,4,7,0,10,0.3953792055885218,Medium
2,6,2,6,6,10,0.2685602777082818,Low
7,2,2,6,0,11,0.3424280531748441,Medium
7,4,5,4,1,11,0.3767519360827526,Medium
2,4,4,4,0,11,0.3748420499621138,Medium
5,4,4,6,0,11,0.2508099371661585,Low
6,1,2,6,0,11,0.7225903674005747,High
7,4,4,5,0,11,0.24111129771167114,Low
0,6,3,2,0,11,0.7791634863006403,High
0,4,1,6,1,11,0.49234881329741387,Medium
7,4,6,6,1,11,0.3996689391381504,Medium
3,4,2,6,5,11,0.18788088964914773,Low
3,5,3,6,1,11,0.20665781686152201,Low
2,4,2,7,1,11,0.32984488983513627,Low
3,4,2,6,5,11,0.18788088964914773,Low
4,5,2,5,5,11,0.28102552277988857,Low
7,4,1,5,4,11,0.4159060065808118,Medium
7,7,1,2,0,11,0.8600421711845033,High
2,3,3,6,0,11,0.2616563467424733,Low
5,6,7,4,0,11,0.7650911044559561,High
0,4,5,3,4,11,0.6003398565218018,Medium
7,4,4,1,1,11,0.6124182871739879,Medium
7,6,2,6,5,11,0.2155832188482646,Low
7,6,2,4,5,11,0.39447755731217393,Medium
7,6,1,6,6,11,0.3482275890652236,Medium
0,3,6,1,0,12,0.8937375501497704,High
5,3,5,7,1,12,0.5061232933694478,Medium
5,4,4,6,1,12,0.18733249668088958,Low
7,3,6,4,0,12,0.5292684428194161,Medium
0,3,2,7,1,12,0.3978431129908026,Medium
0,6,2,5,5,12,0.2597383152410629,Low
3,6,1,7,6,12,0.5617823696197364,Medium
7,2,3,6,0,12,0.29751794581793345,Low
7,2,2,6,0,12,0.3162252955797953,Low
7,4,4,2,0,12,0.45077173630354556,Medium
0,4,6,3,3,12,0.6922522128897648,High
2,4,4,3,5,12,0.4885521664751126,Medium
0,5,6,4,1,12,0.5720754384876814,Medium
7,5,2,6,2,12,0.2515007058203238,Low
7,2,4,7,1,12,0.4834789305623202,Medium
0,6,2,5,6,12,0.30115813391254775,Low
2,4,2,6,1,12,0.16885018877249733,Low
7,4,4,6,2,12,0.21909135087510576,Low
3,4,4,6,1,12,0.15568209355350757,Low
2,3,3,7,5,12,0.47063440049446975,Medium
6,7,1,7,5,12,0.7413819786742725,High
7,4,6,1,0,12,0.7067491146273243,High
7,4,5,4,0,12,0.380926729406694,Medium
0,4,5,6,0,12,0.4760274274299298,Medium
5,3,4,5,1,12,0.26266140389777837,Low
7,6,2,5,5,12,0.2532035952123885,Low
5,5,2,4,0,12,0.5414924163128009,Medium
4,5,1,4,5,12,0.5668302703912361,Medium
0,5,3,5,5,12,0.3149016560346188,Low
3,6,2,6,6,12,0.2343769979008444,Low
0,6,3,6,5,12,0.33001536316164815,Medium
7,1,2,7,1,12,0.6858762179532505,High
0,2,4,6,0,12,0.4464981817480673,Medium
0,6,1,5,6,12,0.46964058396402747,Medium
5,4,5,4,5,12,0.5186983245086251,Medium
7,5,5,2,1,13,0.5732033665355761,Medium
7,6,2,6,6,13,0.1823648127449621,Low
6,3,4,5,1,13,0.3323147932519878,Medium
0,4,5,3,2,13,0.4983855330923745,Medium
7,4,1,6,5,13,0.32227890318529684,Low
0,4,4,3,1,13,0.4334119439367271,Medium
0,6,2,4,5,13,0.3905496867257675,Medium
0,4,7,4,1,13,0.6410850015536188,Medium
3,3,2,7,2,13,0.3528934084126134,Medium
2,3,4,6,0,13,0.25914659012091174,Low
0,3,4,6,2,13,0.31196053841582444,Low
2,6,7,4,3,13,0.6856489122891514,High
7,4,1,6,5,13,0.32227890318529684,Low
1,5,2,6,2,13,0.21286174234771824,Low
7,1,1,2,2,13,0.9054871169146853,High
2,4,4,4,0,13,0.35983869045359773,Medium
7,6,7,4,0,13,0.7516827289771425,High
7,5,2,7,1,13,0.354911429970152,Medium
7,4,2,7,0,13,0.3833524694408317,Medium
3,6,3,6,6,13,0.30508160416388747,Low
0,5,4,5,2,13,0.3595971217662174,Medium
0,5,4,5,5,13,0.37010442594239146,Medium
7,2,2,6,0,13,0.30666984553250903,Low
7,6,4,6,4,13,0.3565016348288936,Medium
0,5,4,7,0,13,0.5171108746005272,Medium
2,4,4,3,4,13,0.4656560414080451,Medium
5,2,3,6,0,14,0.24867049394711377,Low
7,2,2,7,0,14,0.39154219510213906,Medium
7,5,2,3,2,14,0.47389432351992344,Medium
0,6,4,7,3,14,0.5288456920349167,Medium
5,2,3,6,0,14,0.24867049394711377,Low
1,4,3,6,2,14,0.11963189953518123,Low
7,5,6,3,0,14,0.5971299818022471,Medium
2,5,2,5,2,14,0.21920195177321264,Low
7,2,3,6,0,14,0.24586160780499766,Low
3,7,1,6,5,14,0.47245571860727237,Medium
7,6,2,6,6,14,0.142209102863416,Low
4,6,3,1,1,14,0.8258369075982449,High
3,6,2,6,6,14,0.1766499015261763,Low
1,6,2,6,6,14,0.15113556231721925,Low
3,2,2,6,0,14,0.2763392005288927,Low
0,3,4,7,0,14,0.46407457096447446,Medium
7,2,3,7,0,14,0.3802231398600462,Medium
7,4,5,4,2,14,0.36851894421421616,Medium
7,6,1,5,4,14,0.3762048568878262,Medium
2,6,1,5,6,14,0.3356856190672189,Medium
2,1,3,6,1,14,0.43334924484942305,Medium
7,3,2,6,1,14,0.1803270893488509,Low
3,4,2,6,4,14,0.10630799623895422,Low
4,6,2,6,4,14,0.2174403901784364,Low
1,3,2,7,1,14,0.27894045815726265,Low
4,3,2,6,2,14,0.20836620711017284,Low
7,6,3,5,5,14,0.2346547195791619,Low
3,4,5,7,1,14,0.3670575081219388,Medium
1,6,4,6,4,14,0.29464844607584983,Low
0,3,2,5,1,14,0.2949075798938959,Low
3,4,3,6,2,14,0.08229450983587645,Low
1,4,4,6,0,14,0.24689151243961457,Low
2,3,4,6,1,14,0.14556001631932014,Low
3,3,4,7,1,14,0.2504041004498508,Low
1,6,6,2,0,14,0.8090811972483511,High
1,5,2,4,2,14,0.3696216549222937,Medium
2,3,2,6,0,14,0.2536475370182546,Low
5,3,3,6,1,14,0.13384181780639245,Low
7,4,2,6,2,14,0.1316021802018162,Low
3,5,4,7,2,15,0.29196220278368723,Low
7,5,2,5,6,15,0.19731905365730362,Low
0,4,5,5,1,15,0.35909856143180663,Medium
5,6,2,6,6,15,0.148094323323424,Low
4,6,5,3,0,15,0.6466745001961508,Medium
3,4,4,3,1,15,0.3486413623925368,Medium
5,4,2,6,1,15,0.15726422604540619,Low
7,4,2,6,5,15,0.07747869820144908,Low
7,3,3,6,0,15,0.15708012111658565,Low
4,6,2,5,4,15,0.2153267789560781,Low
3,4,3,5,1,15,0.12662641647255776,Low
0,5,4,6,5,15,0.27301701087002583,Low
7,7,1,5,4,15,0.5354604171711188,Medium
0,4,2,5,2,15,0.243004138398099,Low
7,4,2,4,4,15,0.2853215061183347,Low
0,4,1,5,4,15,0.4718269229457253,Medium
5,4,2,6,5,15,0.12516829023396475,Low
3,4,4,7,0,15,0.2792062529195636,Low
3,3,5,3,4,15,0.5399806741250035,Medium
4,6,2,5,4,15,0.2153267789560781,Low
2,4,2,3,1,15,0.4460891850431415,Medium
7,7,1,4,6,15,0.5840915950590773,Medium
7,3,2,4,5,15,0.425307895144206,Medium
4,3,4,6,2,15,0.1934055917579503,Low
2,4,5,5,1,15,0.27744816565181235,Low
5,5,1,4,6,15,0.5322256176160819,Medium
7,5,3,4,5,15,0.30351284619310737,Low
5,6,1,6,6,15,0.25433697412879036,Low
7,5,4,6,1,15,0.2078968855601492,Low
4,3,4,6,0,15,0.17182254344862638,Low
5,3,3,5,1,15,0.1821970613199396,Low
7,2,2,6,0,15,0.24277805155164098,Low
4,2,4,5,0,15,0.37058035138918277,Medium
1,6,2,5,6,15,0.16588485459590693,Low
0,4,2,6,1,15,0.16220216082929947,Low
0,6,1,6,6,15,0.33134880181392606,Medium
6,3,4,6,0,15,0.2624185145948266,Low
4,2,3,6,0,15,0.19520442830120835,Low
0,3,2,6,1,15,0.20564829143283922,Low
7,4,2,6,0,15,0.16897034433466415,Low
7,3,3,4,5,15,0.41067802842754275,Medium
4,4,5,3,1,15,0.43205938294638907,Medium
6,5,3,6,5,15,0.2141404161322445,Low
7,4,3,5,2,15,0.15265211214311802,Low
3,4,4,7,1,15,0.21920631675490582,Low
7,4,4,6,0,15,0.13956893758237865,Low
4,2,2,6,1,15,0.25275266310080197,Low
6,5,2,6,5,15,0.15410145022983887,Low
7,6,4,5,6,15,0.38531152105716165,Medium
0,2,2,6,0,15,0.36283180672981896,Medium
0,5,3,6,5,15,0.17849858333987698,Low
3,4,3,5,1,15,0.12662641647255776,Low
1,4,5,6,2,15,0.2853026926275042,Low
7,6,4,3,5,15,0.5491971329790788,Medium
2,6,5,3,1,15,0.574469988530147,Medium
7,3,2,7,1,15,0.2806220062256206,Low
4,6,2,6,5,15,0.12853768420909636,Low
2,4,3,5,5,15,0.1598760534754257,Low
7,3,2,7,1,15,0.2806220062256206,Low
7,3,1,7,0,15,0.5027623307321716,Medium
5,2,4,4,2,15,0.5135858647040417,Medium
0,4,6,4,0,15,0.6172527872364834,Medium
7,5,4,6,1,15,0.2078968855601492,Low
3,3,3,6,1,15,0.07291934280790534,Low
0,6,2,5,6,15,0.22634946725018923,Low
3,4,3,6,0,15,0.1251342651141158,Low
7,2,1,7,0,15,0.5276224296354495,Medium
7,5,5,4,0,15,0.4546417217007959,Medium
0,2,4,6,1,16,0.32247907645539137,Low
7,4,3,6,2,16,0.06771583866658294,Low
0,1,4,6,1,16,0.5154107027431573,Medium
4,3,1,4,5,16,0.5964451743715257,Medium
1,6,2,5,5,16,0.08573781751351656,Low
0,2,2,7,0,16,0.4664072808604566,Medium
4,4,2,5,4,16,0.15323533438218,Low
1,6,1,5,6,16,0.2861299958765292,Low
7,5,1,4,5,16,0.4369825050147749,Medium
1,6,2,5,5,16,0.08573781751351656,Low
5,4,2,5,4,16,0.16368809772561468,Low
1,4,4,6,5,16,0.23062398523850183,Low
5,4,5,5,2,16,0.3179178370531111,Low
0,5,2,4,6,16,0.38722907259272593,Medium
4,5,1,6,5,16,0.2462473956903312,Low
7,7,1,6,6,16,0.37182323942326845,Medium
5,3,2,6,5,16,0.2344453928573785,Low
0,4,2,4,1,16,0.3732878195542302,Medium
5,3,3,4,0,16,0.35451128456944075,Medium
2,5,5,6,4,16,0.3162678713676899,Low
5,4,3,6,2,16,0.10588455729084513,Low
5,4,4,6,0,16,0.17549879061394363,Low
4,3,2,6,0,16,0.2158740218726398,Low
7,6,5,3,0,16,0.6567026635285798,Medium
2,4,3,3,6,16,0.49138546073872585,Medium
7,6,2,5,6,16,0.13802238567087863,Low
7,6,2,5,6,16,0.13802238567087863,Low
7,5,4,6,1,16,0.19302970793715854,Low
1,6,1,5,5,16,0.2864101555897022,Low
1,4,5,3,0,16,0.5181540823105544,Medium
7,4,2,6,5,16,0.03910092527400456,Low
2,4,3,4,1,16,0.3080619928927953,Low
0,3,4,7,1,16,0.340321078185364,Medium
3,7,2,6,6,16,0.2871331082452849,Low
7,4,4,6,0,16,0.1263491720272964,Low
7,6,2,5,6,16,0.13802238567087863,Low
2,4,6,5,0,16,0.43889356546059155,Medium
7,6,1,5,6,16,0.2549865709937934,Low
2,3,2,7,0,16,0.33084483919540286,Medium
5,2,4,7,1,16,0.4089238722893355,Medium
2,5,2,6,4,16,0.027712574706264446,Low
0,3,3,6,1,16,0.16323715939453975,Low
7,4,7,2,0,16,0.7051864190462808,High
5,6,2,6,5,16,0.10144992683863185,Low
5,4,4,6,0,16,0.17549879061394363,Low
4,3,4,6,0,16,0.16562911388601587,Low
1,2,1,6,1,16,0.47861150870404434,Medium
1,5,3,2,0,16,0.6486477749033444,Medium
7,3,3,7,0,16,0.2783877596819022,Low
7,5,3,6,0,16,0.16776536035369688,Low
0,6,5,4,1,16,0.5395289908093571,Medium
4,6,7,5,1,16,0.6204332645278522,Medium
0,6,2,6,6,16,0.13291897736280853,Low
7,5,3,6,2,16,0.13836235412378167,Low
7,6,2,6,6,16,0.0578091508545388,Low
7,6,2,6,6,16,0.0578091508545388,Low
1,4,4,7,0,16,0.3234976450108245,Low
2,3,3,4,0,16,0.3992229075740374,Medium
1,7,7,5,0,16,0.8374035528803815,High
3,3,2,6,1,16,0.11394946436740956,Low
0,2,2,6,1,16,0.27738587005187354,Low
3,6,1,6,6,16,0.2204338709329616,Low
7,4,3,5,0,16,0.1488657295229558,Low
1,3,2,6,2,16,0.17436989662447527,Low
5,6,1,6,6,16,0.23434549581153916,Low
5,6,2,6,6,16,0.10113501720920577,Low
2,3,1,6,0,16,0.47197091260702984,Medium
7,6,1,5,6,16,0.2549865709937934,Low
2,6,1,6,6,16,0.20563172457013681,Low
7,4,6,2,1,16,0.559876793349758,Medium
1,3,5,3,1,17,0.5155714465297175,Medium
3,5,3,7,6,17,0.3719451075313464,Medium
7,3,3,7,0,17,0.2691841479843613,Low
3,4,3,3,1,17,0.35229311757569387,Medium
1,6,2,5,5,17,0.07370396727654284,Low
6,6,3,6,6,17,0.2790705009662105,Low
3,6,3,5,6,17,0.24208263518189765,Low
7,4,3,4,3,17,0.2744314312141526,Low
0,4,2,4,4,17,0.3482933710062185,Medium
2,6,2,5,6,17,0.12853370521249438,Low
7,5,2,6,5,17,0.03336699608345548,Low
0,4,2,6,3,17,0.16823923495956292,Low
5,2,3,6,0,17,0.2068979408195718,Low
4,6,1,5,6,17,0.31918152011209044,Low
0,4,2,6,5,17,0.11325808096366294,Low
4,4,3,5,1,17,0.13866808477731232,Low
0,3,3,6,0,17,0.2856661204312194,Low
7,4,3,6,4,17,0.09695011808100185,Low
2,5,3,6,5,17,0.05790234076494616,Low
0,3,6,5,2,17,0.5396024628221006,Medium
5,1,3,6,0,17,0.4459667726660103,Medium
7,5,4,6,5,17,0.23503269007997585,Low
7,2,2,6,0,17,0.21203443637376407,Low
7,4,2,6,4,17,0.060036439673649133,Low
5,3,3,6,0,17,0.13613751488484402,Low
4,4,6,3,2,17,0.5175133890439215,Medium
2,4,2,6,1,17,0.06249102876944254,Low
1,6,2,6,6,17,0.06621632221962455,Low
1,3,3,6,1,17,0.10486626454268393,Low
0,1,2,7,0,17,0.6671845988713897,High
1,2,2,7,0,17,0.3838943736580457,Medium
4,2,3,7,0,17,0.3292693502478282,Low
2,6,1,6,6,17,0.2094096207727563,Low
0,6,1,6,4,17,0.38506632278381797,Medium
7,4,3,5,4,17,0.12234787644869416,Low
1,4,3,4,5,17,0.30242904987532554,Low
0,6,4,2,1,17,0.6641645018873478,High
0,5,7,7,3,17,0.7481566012382836,High
2,5,2,6,5,17,0.007496043223055299,Low
5,4,2,6,6,17,0.17919901223950713,Low
1,6,2,5,4,17,0.13393072554849686,Low
7,6,2,5,1,17,0.35228615416034614,Medium
6,2,3,6,0,17,0.25235056660693334,Low
0,4,6,2,5,17,0.7564842087118959,High
0,4,5,3,5,17,0.5710430404371581,Medium
7,4,1,5,1,17,0.31393404861829555,Low
7,7,1,6,6,17,0.36013599109896244,Medium
7,6,2,5,6,17,0.1392721097841336,Low
3,3,3,5,0,17,0.19728609339319003,Low
5,6,2,6,6,17,0.1101425831596435,Low
1,6,3,6,6,17,0.16259972303534426,Low
0,5,6,7,1,17,0.6149582297777713,Medium
6,5,4,6,0,17,0.3044712049400099,Low
7,5,2,4,4,17,0.2631157302721995,Low
5,2,3,6,0,17,0.2068979408195718,Low
7,3,4,6,0,17,0.17378909651877159,Low
0,6,2,5,2,17,0.2796977746360833,Low
3,1,2,7,2,17,0.5905671020411243,Medium
2,6,1,6,6,17,0.2094096207727563,Low
0,2,3,5,1,17,0.36472692714023724,Medium
7,3,4,6,1,17,0.14764005734404645,Low
3,2,3,7,0,17,0.3053046770720907,Low
7,6,2,6,6,18,0.05611728827942017,Low
7,6,4,4,0,18,0.542846466100582,Medium
0,6,1,5,6,18,0.35337664905379684,Medium
5,2,3,6,0,18,0.21337750202946104,Low
5,4,4,6,5,18,0.20886303003920773,Low
0,6,1,6,6,18,0.29951306644408937,Low
5,2,3,6,2,18,0.281197614274006,Low
4,4,4,6,0,18,0.16012521686331924,Low
0,6,2,5,6,18,0.17114320215356177,Low
2,6,4,6,6,18,0.31746768440701684,Low
5,5,5,4,1,18,0.46119744950976127,Medium
7,4,2,6,0,18,0.164034326674949,Low
7,5,3,7,0,18,0.2992353865637448,Low
0,4,3,6,5,18,0.1587607953576198,Low
7,2,3,6,0,18,0.2037724685059059,Low
7,5,1,6,6,18,0.2629066657865491,Low
2,4,6,2,0,18,0.627732451812222,Medium
0,5,2,5,4,18,0.13609244876548307,Low
1,4,3,5,4,18,0.1615181970156029,Low
0,5,2,6,6,18,0.14612922005645412,Low
3,4,4,6,2,18,0.11014424047423055,Low
7,1,4,1,3,18,0.9546891796287196,High
2,4,3,6,1,18,0.05109975364291452,Low
7,4,2,6,2,18,0.0901971111434473,Low
0,5,2,5,1,18,0.2642420499913685,Low
5,3,2,6,1,18,0.19433417714024467,Low
7,6,2,6,6,18,0.05611728827942017,Low
0,6,2,6,6,18,0.11546740760305188,Low
5,5,2,5,4,18,0.12630764054631707,Low
2,5,1,6,4,18,0.2583285451678187,Low
4,4,5,5,5,18,0.3427476081168552,Medium
5,3,5,4,5,18,0.4913781821419367,Medium
2,4,5,2,0,18,0.5643436540725433,Medium
2,6,2,6,6,18,0.05638627518875548,Low
0,3,4,6,0,18,0.3373724248496264,Medium
7,4,2,5,4,18,0.08213053039700768,Low
3,4,3,6,1,18,0.025183832135200618,Low
1,6,2,6,6,18,0.06043700784658992,Low
0,4,2,3,4,18,0.4809730279691789,Medium
7,2,2,7,0,18,0.3714288644653214,Medium
2,2,3,6,0,18,0.22244416151736482,Low
7,4,4,7,0,18,0.3000093376463607,Low
5,5,2,6,1,18,0.2137464579074098,Low
2,6,1,6,5,18,0.19839106009189308,Low
7,7,6,5,2,18,0.6782450472727125,High
4,4,4,6,0,18,0.16012521686331924,Low
2,2,2,7,0,18,0.3796206915210751,Medium
2,2,3,6,2,18,0.26739189108511846,Low
4,5,2,6,5,19,0.06596386923790651,Low
1,6,1,6,5,19,0.22929362215574517,Low
3,5,2,5,5,19,0.11258947809601468,Low
2,6,2,5,5,19,0.07141156556553932,Low
0,3,2,6,1,19,0.20765815119199377,Low
6,5,2,5,3,19,0.2799087493243302,Low
1,5,3,6,6,19,0.17625156114199386,Low
7,3,2,6,1,19,0.15277979252997245,Low
2,4,3,6,1,19,0.07269921075638677,Low
3,3,4,5,1,19,0.18802960317958856,Low
7,5,2,5,6,19,0.15027557390612292,Low
7,4,5,5,5,19,0.37524464431525695,Medium
7,2,2,7,1,19,0.3851186820360029,Medium
4,3,4,6,2,19,0.1962600114918856,Low
0,2,3,6,0,19,0.3374032161879192,Medium
3,4,2,7,2,19,0.2413395737381955,Low
3,6,2,6,5,19,0.09020304990702392,Low
0,7,3,4,5,19,0.5582847885205487,Medium
7,2,4,6,0,19,0.2870112480158467,Low
1,4,2,6,5,19,0.08163946442259849,Low
7,3,7,4,3,19,0.7340933197575213,High
7,4,4,6,1,19,0.11615139842700856,Low
2,3,5,2,0,19,0.6533463047858664,Medium
2,5,2,6,6,19,0.07569206811598966,Low
7,3,3,6,0,19,0.1411915586453717,Low
3,4,2,6,1,19,0.08105226466906684,Low
2,7,1,5,5,19,0.4441990264234898,Medium
0,3,6,4,1,19,0.6311937102859778,Medium
2,6,2,6,6,19,0.05545312281027733,Low
2,2,3,4,1,19,0.43827346530063993,Medium
0,6,3,6,6,19,0.24180912125238663,Low
0,3,4,6,1,19,0.22789369344453708,Low
0,5,4,6,4,19,0.2564112003229665,Low
1,5,2,6,2,19,0.1339952980672509,Low
7,6,3,6,5,19,0.1409545983274988,Low
1,5,3,5,4,19,0.1706726081989257,Low
7,2,2,7,0,19,0.384817532956808,Medium
7,2,3,6,0,19,0.21317563516300855,Low
7,1,2,7,1,19,0.5741090098458425,Medium
3,2,3,6,6,19,0.4708250836604506,Medium
1,4,2,6,1,19,0.10785719872587964,Low
1,4,4,6,1,19,0.1665936328826191,Low
1,2,3,6,2,19,0.287762864957149,Low
2,4,3,6,0,19,0.1765281583159294,Low
4,4,2,5,4,19,0.1629687492204901,Low
7,3,3,5,1,19,0.16983684865760815,Low
2,4,6,2,0,19,0.6478551641807264,Medium
4,3,3,6,0,19,0.14546744136019513,Low
4,1,4,6,2,19,0.5261378138538801,Medium
3,4,4,7,0,19,0.3148803090083855,Low
7,2,2,4,0,19,0.4623273132958525,Medium
3,6,1,6,4,20,0.3089199909614128,Low
7,5,2,7,2,20,0.30806416325408015,Low
0,4,3,5,6,20,0.329950817589934,Low
2,4,3,7,1,20,0.20282119552027825,Low
4,6,2,6,6,20,0.08745428975752,Low
2,6,2,6,4,20,0.06156347575851334,Low
1,2,3,7,0,20,0.37531111827984037,Medium
7,5,2,6,6,20,0.07761928529698983,Low
2,5,3,7,2,20,0.27343900768356694,Low
3,2,2,6,0,20,0.24921142867120188,Low
7,3,2,6,2,20,0.19748341606028938,Low
5,4,6,5,2,20,0.4020918259932276,Medium
0,6,2,3,5,20,0.4725366372627963,Medium
7,6,4,6,4,20,0.2924286255022557,Low
4,4,4,6,1,20,0.12289482239559447,Low
6,6,1,5,6,20,0.38248610234837127,Medium
0,3,3,6,3,20,0.2590675943772755,Low
7,2,5,7,0,20,0.6422279444769302,Medium
0,5,1,6,4,20,0.3541129600923073,Medium
0,4,2,5,6,20,0.2693066806123432,Low
7,4,6,1,2,20,0.7484057612864959,High
1,6,3,6,5,20,0.11831307128160526,Low
3,4,3,6,2,20,0.057741220554151935,Low
0,6,2,6,6,20,0.1025773981259801,Low
3,6,7,6,0,20,0.6960688676702897,High
0,4,2,5,4,20,0.16539368707262234,Low
4,5,3,6,5,20,0.07246720830811698,Low
7,6,1,6,5,20,0.1714525960096452,Low
0,6,2,5,6,20,0.16305966841420785,Low
5,4,5,7,1,20,0.4405436403814751,Medium
3,3,4,6,1,20,0.09267078488009757,Low
7,3,3,4,0,20,0.35637820090198197,Medium
1,6,2,6,6,20,0.04551146156314707,Low
2,7,1,6,6,20,0.38115065360182593,Medium
4,2,3,6,2,20,0.25651152063676036,Low
1,6,2,6,6,20,0.04551146156314707,Low
2,4,2,5,4,20,0.10886968509678129,Low
7,6,1,5,6,20,0.25647183817776026,Low
3,4,2,7,1,20,0.21278087099152257,Low
3,6,2,6,4,20,0.10767440287638776,Low
7,5,6,5,6,20,0.5138399448461163,Medium
0,2,2,6,0,20,0.36570980051048807,Medium
7,6,2,5,6,20,0.11548900165437799,Low
0,6,2,6,6,20,0.1025773981259801,Low
7,4,1,5,4,20,0.26701662743618615,Low
0,5,3,6,4,20,0.13538306073977993,Low
4,6,4,4,1,20,0.5687519135757709,Medium
5,2,4,2,5,20,0.8060943503697056,High
4,6,2,5,6,20,0.1297863040879699,Low
7,5,2,6,5,20,0.02670370555473833,Low
5,5,4,7,1,20,0.37154773818831643,Medium
0,3,3,5,1,20,0.23798235441680637,Low
4,4,5,3,5,20,0.5278166530179418,Medium
0,5,4,6,5,20,0.22770217251570776,Low
1,6,2,5,6,20,0.1060633258834368,Low
7,4,4,6,4,20,0.1814039787338975,Low
5,4,5,7,1,20,0.4405436403814751,Medium
2,3,3,6,2,20,0.11553467716987512,Low
0,3,3,6,1,20,0.15736363252919583,Low
7,6,5,5,5,20,0.4434654105947534,Medium
7,6,2,4,4,20,0.3324413962334688,Medium
0,3,5,6,1,20,0.3688804097646221,Medium
1,2,3,6,0,20,0.25955650396439345,Low
5,5,3,6,4,20,0.11216902735752952,Low
1,7,1,6,4,20,0.4389673098761861,Medium
3,7,2,5,4,20,0.35187281152177413,Medium
7,4,3,6,0,20,0.125740821686526,Low
7,4,1,5,3,20,0.3145888170138583,Low
7,6,3,6,4,20,0.18942664089454742,Low
0,3,2,6,2,20,0.22279719427570438,Low
7,4,3,4,2,20,0.25546289698537705,Low
7,5,2,5,1,20,0.2405390338288671,Low
1,4,5,2,2,20,0.6163718916104504,Medium
2,3,2,6,2,20,0.16472595219595887,Low
6,5,1,5,5,20,0.3572067609454316,Medium
7,6,1,6,6,20,0.169198812924476,Low
7,6,2,5,6,20,0.11548900165437799,Low
7,4,2,6,4,20,0.05014615714307674,Low
0,4,3,6,1,20,0.1400919513944716,Low
0,6,3,6,6,20,0.22966721156986458,Low
7,6,3,6,5,20,0.1275170310293738,Low
0,4,5,4,6,20,0.6378769873042986,Medium
2,5,2,6,4,20,0.008242950675815956,Low
6,4,3,5,5,20,0.18911339100269065,Low
7,5,1,6,0,20,0.4118686504492682,Medium
6,2,2,6,0,20,0.34584993490133975,Medium
0,6,1,5,5,20,0.33622564151355466,Medium
7,4,1,6,4,20,0.24349993267536638,Low
7,4,3,7,0,20,0.26304358034653674,Low
1,6,2,6,6,20,0.04551146156314707,Low
1,4,4,5,2,20,0.205624879882607,Low
7,3,4,2,0,20,0.5641729659474151,Medium
0,6,2,6,5,20,0.07718519060857439,Low
2,4,1,6,5,20,0.268733984789677,Low
5,6,1,4,5,20,0.4676891100430335,Medium
4,3,2,6,0,20,0.240735913418071,Low
7,6,5,2,2,20,0.6779757402279347,High
1,4,3,6,1,20,0.08008442020015936,Low
5,3,3,6,0,20,0.17414555747909335,Low
7,2,3,5,1,20,0.2998766487599792,Low
7,1,3,6,0,21,0.470625509293808,Medium
6,6,2,6,6,21,0.15062711677474375,Low
4,5,2,5,5,21,0.07646739946948267,Low
6,3,3,7,1,21,0.3622262662936693,Medium
7,4,1,4,6,21,0.5230596545417536,Medium
7,4,2,6,1,21,0.11740694887914474,Low
6,6,1,6,6,21,0.29374693998672635,Low
2,6,3,6,5,21,0.10432780725036463,Low
3,6,3,5,4,21,0.19726064553235537,Low
2,4,2,7,1,21,0.22401841828101604,Low
5,6,2,6,6,21,0.0852747753426774,Low
7,3,3,6,0,21,0.1786545558180955,Low
7,4,3,6,3,21,0.10056338719319588,Low
1,6,1,6,6,21,0.198302442554861,Low
6,3,2,6,2,21,0.29756780641055736,Low
2,5,2,6,1,21,0.1419182357618481,Low
2,6,1,6,6,21,0.19268487264408285,Low
7,5,2,6,6,21,0.07564411575670174,Low
2,4,2,6,4,21,0.044484580864456134,Low
2,5,7,2,2,21,0.8006905379780801,High
1,5,3,6,2,21,0.14028400591081425,Low
3,5,2,4,4,21,0.27704089752992367,Low
3,4,5,4,1,21,0.3944461234927349,Medium
1,5,2,6,6,21,0.07962622413465906,Low
3,2,3,6,1,21,0.16044440159485165,Low
0,2,3,6,1,21,0.26074997548759077,Low
0,3,4,7,2,21,0.3824626031033262,Medium
5,5,3,6,3,21,0.16902383736668844,Low
7,4,3,4,3,21,0.2738312711993368,Low
7,6,2,4,6,21,0.2889202648661156,Low
0,2,3,4,2,21,0.5543329394486333,Medium
7,3,2,5,4,21,0.23217466890408492,Low
1,6,4,5,1,21,0.3920840068356591,Medium
0,6,3,6,6,21,0.23722497415124885,Low
2,5,3,6,5,21,0.06625273899329578,Low
7,4,3,5,2,21,0.10484657722480141,Low
1,4,4,3,5,21,0.49675816651404703,Medium
6,6,1,6,6,21,0.29374693998672635,Low
2,2,3,7,4,21,0.5154206143513571,Medium
2,6,2,6,6,21,0.04717106748143523,Low
2,2,1,7,0,21,0.5804277167011654,Medium
2,3,2,5,5,21,0.21533864543272438,Low
1,2,2,6,0,21,0.2989743293750162,Low
4,3,4,5,5,21,0.30750134665631085,Low
4,6,3,6,5,21,0.15525124547242108,Low
7,4,3,5,5,21,0.09587788311155805,Low
7,2,4,3,1,21,0.557388404214476,Medium
1,5,1,6,5,21,0.2439849967156191,Low
1,4,2,6,3,21,0.1304682007031437,Low
5,5,1,6,5,21,0.2559217299716737,Low
0,5,2,6,5,21,0.0649194919779068,Low
5,4,4,3,2,21,0.4548170672110075,Medium
2,6,2,5,4,21,0.1254438597089353,Low
7,4,3,5,5,21,0.09587788311155805,Low
3,3,3,6,1,21,0.06300223891084639,Low
7,4,3,5,3,21,0.1253855222372362,Low
7,4,2,7,0,21,0.3655186168048024,Medium
5,3,3,6,1,21,0.14051727361928776,Low
4,7,2,6,6,21,0.24863888091877856,Low
4,4,3,6,2,21,0.08763442700820624,Low
7,4,3,7,1,21,0.2135423849691723,Low
3,5,2,5,6,21,0.15016201978908256,Low
3,5,2,5,6,21,0.15016201978908256,Low
5,5,4,6,5,21,0.19556083432599392,Low
7,4,2,5,6,21,0.16981287557684105,Low
5,5,2,5,5,21,0.08965867110854624,Low
0,3,4,3,3,21,0.6173021920843857,Medium
6,5,2,6,4,21,0.16394554053181276,Low
2,5,2,5,4,21,0.07873781751118605,Low
5,4,4,6,5,21,0.20915105477587065,Low
1,5,2,5,1,21,0.2445876099307305,Low
7,5,1,6,6,21,0.24094911221391888,Low
1,5,3,6,6,21,0.175431472504815,Low
0,6,1,6,6,21,0.29330229004418323,Low
3,5,5,6,5,21,0.36644833348628464,Medium
2,6,3,5,4,21,0.17545970310326695,Low
0,6,2,6,4,21,0.1332870620363262,Low
3,5,4,6,2,21,0.18025480269287086,Low
7,3,2,7,0,21,0.39782948129976564,Medium
2,6,3,6,1,21,0.24480411480784697,Low
1,5,2,6,5,21,0.018470724722015844,Low
7,5,3,4,2,21,0.2967353733052291,Low
1,2,2,5,0,21,0.4121660112420236,Medium
7,4,3,6,5,21,0.06176387626738178,Low
3,6,1,6,6,21,0.21936359708555506,Low
0,5,2,7,0,21,0.5096824053091735,Medium
5,2,3,5,1,21,0.3166448252950065,Low
4,6,1,6,6,21,0.23215923106186104,Low
3,3,2,7,0,21,0.3542098467266333,Medium
0,2,4,6,0,21,0.4224527237160432,Medium
3,6,4,1,1,21,0.7989569284202812,High
0,6,1,6,6,21,0.29330229004418323,Low
7,6,2,6,6,21,0.0373928905485328,Low
7,5,6,2,4,21,0.6633205124202656,High
2,4,1,6,3,21,0.36457256554774703,Medium
0,4,2,6,1,21,0.16105313654836803,Low
7,5,2,6,5,21,0.024583465476849992,Low
7,7,1,7,6,21,0.5447567124527187,Medium
7,4,3,5,1,21,0.12699023521676936,Low
6,3,5,6,4,21,0.49950414912469754,Medium
1,3,5,3,5,21,0.6450799076460824,Medium
1,6,5,1,1,21,0.8789409908288827,High
7,4,6,3,0,22,0.6273791508573614,Medium
3,5,2,7,5,22,0.28036747668786577,Low
3,3,3,6,2,22,0.10919606128702683,Low
7,6,1,6,6,22,0.17330170651952465,Low
7,5,4,6,5,22,0.23026769938848593,Low
4,3,3,6,2,22,0.13317210338289853,Low
7,3,3,6,2,22,0.16340960871104535,Low
2,4,3,6,2,22,0.08939991603722829,Low
3,3,3,6,0,22,0.16179887147692446,Low
5,6,2,5,5,22,0.13773470749620192,Low
7,6,2,6,6,22,0.049269192231438996,Low
1,6,2,5,6,22,0.10464591025043916,Low
0,2,4,6,0,22,0.43644562318058705,Medium
0,3,3,5,2,22,0.2446901648916747,Low
1,6,2,6,5,22,0.022570504652942386,Low
0,4,4,4,5,22,0.43604254123007824,Medium
3,2,2,6,1,22,0.21953090103461598,Low
7,4,2,6,2,22,0.12171324981427184,Low
2,5,2,6,5,22,0.0,Low
6,4,2,6,5,22,0.13770983294507722,Low
0,4,4,4,3,22,0.43971755739008034,Medium
7,6,2,5,6,22,0.12535107708866733,Low
2,2,2,6,1,22,0.22832899985727179,Low
6,6,2,5,6,22,0.2236226794245924,Low
2,1,2,6,0,22,0.5250499361477461,Medium
2,4,2,6,6,22,0.13561709879701742,Low
1,7,2,6,6,22,0.25244595569682005,Low
0,5,2,7,5,22,0.3142672224426493,Low
3,2,2,5,1,22,0.33156469926536947,Medium
5,3,3,6,1,22,0.15585263554669568,Low
1,6,2,5,5,22,0.06912089145137043,Low
7,4,3,7,2,22,0.23989530967792758,Low
1,5,2,6,6,22,0.08212891829631914,Low
3,3,3,6,2,22,0.10919606128702683,Low
7,2,2,6,0,22,0.29446471168227634,Low
4,6,3,5,6,22,0.23898890167284406,Low
7,2,2,4,0,22,0.5130932457438993,Medium
4,6,2,6,5,22,0.08249582796273976,Low
7,5,1,6,4,22,0.2634609615952686,Low
7,5,3,6,4,22,0.11551535098625405,Low
2,5,2,6,6,22,0.07093026729112804,Low
7,6,2,6,5,22,0.0653637382803725,Low
1,5,2,4,5,22,0.2625446087648044,Low
0,5,4,6,0,22,0.4279444886916105,Medium
6,5,2,6,5,22,0.11219405715783776,Low
1,3,2,6,1,22,0.18094178225035476,Low
3,6,6,4,0,22,0.689607936986531,High
2,6,2,6,5,22,0.013139329688093167,Low
7,6,1,6,6,22,0.17330170651952465,Low
1,5,2,6,4,22,0.04965052775270103,Low
3,5,3,4,0,22,0.4555729682504413,Medium
3,5,2,6,5,22,0.03492808905612976,Low
7,2,4,3,6,22,0.827665435258229,High
7,4,4,2,2,23,0.5413794642333651,Medium
1,2,2,6,4,23,0.4725741236791031,Medium
2,3,5,7,1,23,0.4985812580273711,Medium
4,2,3,6,2,23,0.3041449501805057,Low
7,6,2,6,6,23,0.1256233564355945,Low
2,7,2,6,5,23,0.31293381221739397,Low
0,3,3,5,2,23,0.2828274585146892,Low
0,4,5,6,4,23,0.46195339785851924,Medium
2,6,2,5,6,23,0.18602823924383952,Low
0,6,2,6,6,23,0.17480928124138828,Low
0,6,1,6,5,23,0.37349930638802376,Medium
1,6,2,7,5,23,0.3274196615250481,Low
1,6,1,5,5,23,0.32888881558092536,Low
2,3,3,6,0,23,0.2530951770553204,Low
7,4,5,5,3,23,0.41618230865699807,Medium
3,6,3,5,5,23,0.2366428343767868,Low
3,4,4,5,1,23,0.2151501012447273,Low
7,4,2,6,5,23,0.13175238403351427,Low
0,5,2,6,5,23,0.1345435681252871,Low
5,6,1,6,6,23,0.30432301001297657,Low
0,7,1,4,6,23,0.7617272742134511,High
6,6,3,6,6,23,0.3350476265290457,Medium
7,5,3,6,6,23,0.22208363953415433,Low
0,5,5,6,1,23,0.47310059851751046,Medium
3,5,3,7,3,23,0.3741930581576706,Medium
7,6,2,6,6,23,0.1256233564355945,Low
2,3,3,5,0,23,0.3228983521480236,Low
5,5,2,5,3,23,0.26899962249447085,Low
3,3,3,6,1,23,0.12500971726916082,Low
1,5,2,5,4,23,0.1903321541189714,Low
7,5,2,4,2,23,0.3977144097743565,Medium
5,6,3,6,6,23,0.27238061924241824,Low
1,5,4,6,5,23,0.2603822535181584,Low
5,5,3,5,5,23,0.17365644310376901,Low
2,5,2,5,4,23,0.16091463263258737,Low
4,4,3,6,0,23,0.23727375720713478,Low
2,6,1,6,5,23,0.25446101967307283,Low
7,5,4,6,4,23,0.28632605648305537,Low
7,5,2,6,5,23,0.11810059866403065,Low
1,5,2,6,6,23,0.14529244234280836,Low
0,5,2,7,3,23,0.431718366413186,Medium
1,3,4,7,1,23,0.36922858625656746,Medium
7,5,5,5,1,23,0.45489101142224203,Medium
4,4,5,6,5,23,0.4386120357464099,Medium
7,6,3,6,6,23,0.2391288945771038,Low
7,3,2,7,2,23,0.4037550189713648,Medium
5,2,2,6,2,23,0.3971359729761858,Medium
0,4,2,6,6,24,0.33201848978817955,Medium
0,2,3,6,1,24,0.343208876297431,Medium
4,4,4,6,2,24,0.2706679713672608,Low
7,2,4,6,0,24,0.4070282777882378,Medium
7,3,3,7,2,24,0.3735210511125684,Medium
7,4,3,6,2,24,0.16701705049119936,Low
5,5,1,7,4,24,0.5736156091203166,Medium
7,2,2,6,0,24,0.367034092602685,Medium
1,3,3,6,2,24,0.21662549898824915,Low
5,6,1,6,5,24,0.3711335406527883,Medium
5,5,3,5,6,24,0.2984290591532499,Low
3,2,4,6,0,24,0.40977939232808214,Medium
6,5,3,5,5,24,0.2905977820683429,Low
2,2,3,5,0,24,0.4477277386132727,Medium
7,4,2,6,4,24,0.17431218934501122,Low
0,4,4,6,3,24,0.3655286125464611,Medium
3,5,2,6,5,24,0.13778294929990578,Low
0,6,2,5,6,24,0.3210800674758988,Low
1,2,4,7,2,24,0.5101246633764503,Medium
7,6,4,7,6,24,0.6043262887817393,Medium
0,5,1,5,6,24,0.5440484682955992,Medium
1,7,2,6,6,24,0.3642306718164534,Medium
0,4,3,5,5,24,0.3098920722989226,Low
3,6,2,6,6,24,0.2046430917291612,Low
1,6,1,6,6,24,0.32354914667153134,Low
4,3,3,4,0,24,0.5456139680779577,Medium
0,5,2,7,3,24,0.4569902864392677,Medium
7,4,1,5,6,24,0.4619885178964793,Medium
2,5,2,6,4,24,0.12801880412640204,Low
0,3,4,6,2,24,0.3031047731193776,Low
0,3,4,7,2,24,0.454031536162745,Medium
3,2,3,6,2,24,0.34186422211081446,Medium
7,5,4,6,4,24,0.3076147415363793,Low
0,6,1,5,6,24,0.5034055434575959,Medium
0,4,3,5,3,24,0.3206138328564723,Low
7,3,4,5,1,24,0.3327465952724548,Medium
0,2,4,6,1,24,0.4043626240404398,Medium
3,3,2,5,1,24,0.3168910938124572,Low
1,6,1,5,6,24,0.38713349982857087,Medium
0,6,2,6,6,24,0.24894458863083904,Low
4,4,2,6,6,24,0.261261662438928,Low
7,6,2,5,4,24,0.32215713730129625,Low
3,2,2,6,0,24,0.36139705743067885,Medium
3,2,3,6,1,24,0.2727473877252171,Low
7,7,3,5,4,24,0.5722682012148277,Medium
7,2,4,5,2,24,0.48058634056478905,Medium
0,4,3,6,2,24,0.2513858050507718,Low
1,6,3,6,6,24,0.28812608425999525,Low
3,4,3,6,4,24,0.21265681382440063,Low
0,3,4,4,0,24,0.6127129062416328,Medium
3,5,2,6,5,24,0.13778294929990578,Low
5,3,2,4,6,24,0.5946280828335981,Medium
7,4,2,6,2,24,0.21082021473268714,Low
0,3,3,4,2,24,0.4966329288990998,Medium
7,3,3,5,1,24,0.2897664319110606,Low
4,5,2,7,5,24,0.3445759273463317,Medium
7,5,2,6,4,24,0.1923831388193148,Low
7,4,4,7,2,24,0.3568272863840963,Medium
7,4,2,5,6,24,0.3021042935655589,Low
7,6,3,6,6,24,0.28548184571594387,Low
7,6,2,6,6,24,0.16768709074976737,Low
1,2,3,6,0,24,0.37013041782012046,Medium
7,7,1,7,6,24,0.660566250670516,High
7,7,1,6,4,24,0.5940484808395443,Medium
7,5,2,6,6,24,0.189113199455693,Low
3,6,2,7,5,24,0.4009804164875566,Medium
6,6,2,5,6,24,0.3327715519705741,Medium
7,4,2,6,3,24,0.21636724865990584,Low
